{"version": 13, "accuracy_clean": 0.978, "accuracy_aug": 0.928, "loss_clean": 0.500804, "loss_aug": 0.217158, "ts": 1755593644}