{"version": 4, "accuracy_clean": 0.991, "accuracy_aug": 0.963, "loss_clean": 0.458198, "loss_aug": 0.128022, "ts": 1755768794}